legacy,id,kind,nutrition,saturation,stack_size,durability,effect,crop,texture,source,status
ItemTest,foodcraft:test,debug,0,0.0,64,0,none,,ItemTest,item/ModItem.java,omitted_debug
ItemTiepian,foodcraft:tiepian,item,0,0.0,64,0,none,,ItemTiepian,item/ModItem.java,generated
ItemJinghuashuitong,foodcraft:jinghuashuitong,purifier,0,0.0,1,16,none,,ItemJinghuashuitong,item/ModItem.java,generated
ItemDianluban,foodcraft:dianluban,item,0,0.0,64,0,none,,ItemDianluban,item/ModItem.java,generated
ItemCaidao,foodcraft:caidao,knife,0,0.0,1,59,none,,ItemCaidao,item/ModItem.java,generated
ItemCaidaoHJ,foodcraft:caidao_hj,knife,0,0.0,1,32,none,,ItemCaidaoHJ,item/ModItem.java,generated
ItemCaidaoZS,foodcraft:caidao_zs,knife,0,0.0,1,480,none,,ItemCaidaoZS,item/ModItem.java,generated
ItemCaidaoLBS,foodcraft:caidao_lbs,knife,0,0.0,1,960,none,,ItemCaidaoLBS,item/ModItem.java,generated
ItemWrench,foodcraft:wrench,wrench,0,0.0,1,0,none,,ItemWrench,item/ModItem.java,generated
ItemJinkela,foodcraft:jinkela,item,0,0.0,64,0,none,,ItemJinkela,item/ModItem.java,generated
ItemDami,foodcraft:dami,seed,0,0.0,64,0,none,foodcraft:shuidao,ItemDami,item/ModItem.java,generated
ItemHuashen,foodcraft:huashen,seed,0,0.0,64,0,none,foodcraft:huashen_block,ItemHuashen,item/ModItem.java,generated
ItemDouzi,foodcraft:douzi,seed,0,0.0,64,0,none,foodcraft:douzi_block,ItemDouzi,item/ModItem.java,generated
ItemNuomi,foodcraft:nuomi,seed,0,0.0,64,0,none,foodcraft:nuodao,ItemNuomi,item/ModItem.java,generated
ItemHongdou,foodcraft:hongdou,seed,0,0.0,64,0,none,foodcraft:hongdou_block,ItemHongdou,item/ModItem.java,generated
ItemLvdou,foodcraft:lvdou,seed,0,0.0,64,0,none,foodcraft:lvdou_block,ItemLvdou,item/ModItem.java,generated
ItemBailuobo,foodcraft:bailuobo,seed,3,1.0,64,0,none,foodcraft:bailuobo_block,ItemBailuobo,item/ModItem.java,generated
ItemShucai,foodcraft:shucai,item,3,1.0,64,0,none,,ItemShucai,item/ModItem.java,generated
ItemLajiao,foodcraft:lajiao,item,1,0.3333333333333333,64,0,chili,,ItemLajiao,item/ModItem.java,generated
ItemQingjiao,foodcraft:qingjiao,item,3,1.0,64,0,none,,ItemQingjiao,item/ModItem.java,generated
ItemFanqie,foodcraft:fanqie,item,3,1.0,64,0,none,,ItemFanqie,item/ModItem.java,generated
ItemQiezi,foodcraft:qiezi,item,3,1.0,64,0,none,,ItemQiezi,item/ModItem.java,generated
ItemCong,foodcraft:cong,seed,0,0.0,64,0,none,foodcraft:cong_block,ItemCong,item/ModItem.java,generated
ItemDoujiao,foodcraft:doujiao,item,3,1.0,64,0,none,,ItemDoujiao,item/ModItem.java,generated
ItemHuanggua,foodcraft:huanggua,item,3,1.0,64,0,none,,ItemHuanggua,item/ModItem.java,generated
ItemYumi,foodcraft:yumi,item,3,1.0,64,0,none,,ItemYumi,item/ModItem.java,generated
ItemHongshu,foodcraft:hongshu,seed,3,1.0,64,0,none,foodcraft:hongshu_block,ItemHongshu,item/ModItem.java,generated
ItemZongye,foodcraft:zongye,item,0,0.0,64,0,none,,ItemZongye,item/ModItem.java,generated
ItemPutao,foodcraft:putao,item,3,1.0,64,0,none,,ItemPutao,item/ModItem.java,generated
ItemJinputao,foodcraft:jinputao,item,20,6.666666666666667,64,0,none,,ItemJinputao,item/ModItem.java,generated
ItemLi,foodcraft:li,item,2,0.6666666666666666,64,0,none,,ItemLi,item/ModItem.java,generated
ItemLizhi,foodcraft:lizhi,item,2,0.6666666666666666,64,0,none,,ItemLizhi,item/ModItem.java,generated
ItemTaozi,foodcraft:taozi,item,2,0.6666666666666666,64,0,none,,ItemTaozi,item/ModItem.java,generated
ItemJuzi,foodcraft:juzi,item,2,0.6666666666666666,64,0,none,,ItemJuzi,item/ModItem.java,generated
ItemPipa,foodcraft:pipa,item,2,0.6666666666666666,64,0,none,,ItemPipa,item/ModItem.java,generated
ItemMangguo,foodcraft:mangguo,item,2,0.6666666666666666,64,0,none,,ItemMangguo,item/ModItem.java,generated
ItemNingmeng,foodcraft:ningmeng,item,2,0.6666666666666666,64,0,none,,ItemNingmeng,item/ModItem.java,generated
ItemYouzi,foodcraft:youzi,item,2,0.6666666666666666,64,0,none,,ItemYouzi,item/ModItem.java,generated
ItemShizi,foodcraft:shizi,item,2,0.6666666666666666,64,0,none,,ItemShizi,item/ModItem.java,generated
ItemMugua,foodcraft:mugua,item,2,0.6666666666666666,64,0,none,,ItemMugua,item/ModItem.java,generated
ItemShanzha,foodcraft:shanzha,item,2,0.6666666666666666,64,0,none,,ItemShanzha,item/ModItem.java,generated
ItemLongyan,foodcraft:longyan,item,2,0.6666666666666666,64,0,none,,ItemLongyan,item/ModItem.java,generated
ItemShiliu,foodcraft:shiliu,item,2,0.6666666666666666,64,0,none,,ItemShiliu,item/ModItem.java,generated
ItemHongzao,foodcraft:hongzao,item,2,0.6666666666666666,64,0,none,,ItemHongzao,item/ModItem.java,generated
ItemCaomei,foodcraft:caomei,seed,3,1.0,64,0,none,foodcraft:caomei_block,ItemCaomei,item/ModItem.java,generated
ItemYezi,foodcraft:yezi,item,2,0.6666666666666666,64,0,none,,ItemYezi,item/ModItem.java,generated
ItemYingtao,foodcraft:yingtao,item,2,0.6666666666666666,64,0,none,,ItemYingtao,item/ModItem.java,generated
ItemXiangjiao,foodcraft:xiangjiao,item,2,0.6666666666666666,64,0,none,,ItemXiangjiao,item/ModItem.java,generated
ItemShucaizhong,foodcraft:shucaizhong,seed,0,0.0,64,0,none,foodcraft:shucai_block,ItemShucaizhong,item/ModItem.java,generated
ItemLajiaozhong,foodcraft:lajiaozhong,seed,0,0.0,64,0,none,foodcraft:lajiao_block,ItemLajiaozhong,item/ModItem.java,generated
ItemFanqiezhong,foodcraft:fanqiezhong,seed,0,0.0,64,0,none,foodcraft:fanqie_block,ItemFanqiezhong,item/ModItem.java,generated
ItemPutaozhong,foodcraft:putaozhong,seed,0,0.0,64,0,none,foodcraft:putao_block,ItemPutaozhong,item/ModItem.java,generated
ItemQiezizhong,foodcraft:qiezizhong,seed,0,0.0,64,0,none,foodcraft:qiezi_block,ItemQiezizhong,item/ModItem.java,generated
ItemQingjiaozhong,foodcraft:qingjiaozhong,seed,0,0.0,64,0,none,foodcraft:qingjiao_block,ItemQingjiaozhong,item/ModItem.java,generated
ItemYumizhong,foodcraft:yumizhong,seed,0,0.0,64,0,none,foodcraft:yumi_block,ItemYumizhong,item/ModItem.java,generated
ItemHuangguazhong,foodcraft:huangguazhong,seed,0,0.0,64,0,none,foodcraft:huanggua_block,ItemHuangguazhong,item/ModItem.java,generated
ItemDoujiang,foodcraft:doujiang,item,4,1.3333333333333333,64,0,none,,ItemDoujiang,item/ModItem.java,generated
ItemHongjiu,foodcraft:hongjiu,item,8,2.6666666666666665,64,0,wine,,ItemHongjiu,item/ModItem.java,generated
ItemBaijiu,foodcraft:baijiu,item,8,2.6666666666666665,64,0,wine,,ItemBaijiu,item/ModItem.java,generated
ItemPutaojiu,foodcraft:putaojiu,item,8,2.6666666666666665,64,0,wine,,ItemPutaojiu,item/ModItem.java,generated
ItemPingguojiu,foodcraft:pingguojiu,item,8,2.6666666666666665,64,0,wine,,ItemPingguojiu,item/ModItem.java,generated
ItemJinputaojiu,foodcraft:jinputaojiu,item,20,6.666666666666667,64,0,gold_grape_wine,,ItemJinputaojiu,item/ModItem.java,generated
ItemJinpingguojiu,foodcraft:jinpingguojiu,item,20,6.666666666666667,64,0,gold_apple_wine,,ItemJinpingguojiu,item/ModItem.java,generated
ItemLizijiu,foodcraft:lizijiu,item,8,2.6666666666666665,64,0,wine,,ItemLizijiu,item/ModItem.java,generated
ItemLizhijiu,foodcraft:lizhijiu,item,8,2.6666666666666665,64,0,wine,,ItemLizhijiu,item/ModItem.java,generated
ItemTaozijiu,foodcraft:taozijiu,item,8,2.6666666666666665,64,0,wine,,ItemTaozijiu,item/ModItem.java,generated
ItemMangguojiu,foodcraft:mangguojiu,item,8,2.6666666666666665,64,0,wine,,ItemMangguojiu,item/ModItem.java,generated
ItemNingmengjiu,foodcraft:ningmengjiu,item,8,2.6666666666666665,64,0,wine,,ItemNingmengjiu,item/ModItem.java,generated
ItemShiliujiu,foodcraft:shiliujiu,item,8,2.6666666666666665,64,0,wine,,ItemShiliujiu,item/ModItem.java,generated
ItemQiaokelishui,foodcraft:qiaokelishui,item,7,2.3333333333333335,64,0,none,,ItemQiaokelishui,item/ModItem.java,generated
ItemHuluobozhi,foodcraft:huluobozhi,item,7,2.3333333333333335,64,0,none,,ItemHuluobozhi,item/ModItem.java,generated
ItemCha,foodcraft:cha,item,6,2.0,64,0,none,,ItemCha,item/ModItem.java,generated
ItemPutaozhi,foodcraft:putaozhi,item,7,2.3333333333333335,64,0,none,,ItemPutaozhi,item/ModItem.java,generated
ItemPingguozhi,foodcraft:pingguozhi,item,7,2.3333333333333335,64,0,none,,ItemPingguozhi,item/ModItem.java,generated
ItemShucaizhi,foodcraft:shucaizhi,item,7,2.3333333333333335,64,0,none,,ItemShucaizhi,item/ModItem.java,generated
ItemXiguazhi,foodcraft:xiguazhi,item,7,2.3333333333333335,64,0,none,,ItemXiguazhi,item/ModItem.java,generated
ItemJinputaozhi,foodcraft:jinputaozhi,item,20,6.666666666666667,64,0,gold_grape,,ItemJinputaozhi,item/ModItem.java,generated
ItemJinpingguozhi,foodcraft:jinpingguozhi,item,20,6.666666666666667,64,0,gold_apple,,ItemJinpingguozhi,item/ModItem.java,generated
ItemKele,foodcraft:kele,item,7,2.3333333333333335,64,0,none,,ItemKele,item/ModItem.java,generated
ItemXuebi,foodcraft:xuebi,item,7,2.3333333333333335,64,0,none,,ItemXuebi,item/ModItem.java,generated
ItemNaicha,foodcraft:naicha,item,7,2.3333333333333335,64,0,milk,,ItemNaicha,item/ModItem.java,generated
ItemKafei,foodcraft:kafei,item,7,2.3333333333333335,64,0,milk,,ItemKafei,item/ModItem.java,generated
ItemQiaokelinai,foodcraft:qiaokelinai,item,7,2.3333333333333335,64,0,milk,,ItemQiaokelinai,item/ModItem.java,generated
ItemDounai,foodcraft:dounai,item,7,2.3333333333333335,64,0,none,,ItemDounai,item/ModItem.java,generated
ItemBailuobozhi,foodcraft:bailuobozhi,item,8,2.6666666666666665,64,0,none,,ItemBailuobozhi,item/ModItem.java,generated
ItemFanqiezhi,foodcraft:fanqiezhi,item,8,2.6666666666666665,64,0,none,,ItemFanqiezhi,item/ModItem.java,generated
ItemYumizhi,foodcraft:yumizhi,item,8,2.6666666666666665,64,0,none,,ItemYumizhi,item/ModItem.java,generated
ItemHuangguazhi,foodcraft:huangguazhi,item,8,2.6666666666666665,64,0,none,,ItemHuangguazhi,item/ModItem.java,generated
ItemLizizhi,foodcraft:lizizhi,item,8,2.6666666666666665,64,0,none,,ItemLizizhi,item/ModItem.java,generated
ItemLizhizhi,foodcraft:lizhizhi,item,8,2.6666666666666665,64,0,none,,ItemLizhizhi,item/ModItem.java,generated
ItemTaozizhi,foodcraft:taozizhi,item,8,2.6666666666666665,64,0,none,,ItemTaozizhi,item/ModItem.java,generated
ItemJuzizhi,foodcraft:juzizhi,item,8,2.6666666666666665,64,0,none,,ItemJuzizhi,item/ModItem.java,generated
ItemPipazhi,foodcraft:pipazhi,item,8,2.6666666666666665,64,0,none,,ItemPipazhi,item/ModItem.java,generated
ItemMangguozhi,foodcraft:mangguozhi,item,8,2.6666666666666665,64,0,none,,ItemMangguozhi,item/ModItem.java,generated
ItemNingmengzhi,foodcraft:ningmengzhi,item,8,2.6666666666666665,64,0,none,,ItemNingmengzhi,item/ModItem.java,generated
ItemYouzizhi,foodcraft:youzizhi,item,8,2.6666666666666665,64,0,none,,ItemYouzizhi,item/ModItem.java,generated
ItemShizizhi,foodcraft:shizizhi,item,8,2.6666666666666665,64,0,none,,ItemShizizhi,item/ModItem.java,generated
ItemMuguazhi,foodcraft:muguazhi,item,8,2.6666666666666665,64,0,none,,ItemMuguazhi,item/ModItem.java,generated
ItemShanzhazhi,foodcraft:shanzhazhi,item,8,2.6666666666666665,64,0,none,,ItemShanzhazhi,item/ModItem.java,generated
ItemShiliuzhi,foodcraft:shiliuzhi,item,8,2.6666666666666665,64,0,none,,ItemShiliuzhi,item/ModItem.java,generated
ItemHongzaozhi,foodcraft:hongzaozhi,item,8,2.6666666666666665,64,0,none,,ItemHongzaozhi,item/ModItem.java,generated
ItemCaomeizhi,foodcraft:caomeizhi,item,8,2.6666666666666665,64,0,none,,ItemCaomeizhi,item/ModItem.java,generated
ItemYezizhi,foodcraft:yezizhi,item,8,2.6666666666666665,64,0,none,,ItemYezizhi,item/ModItem.java,generated
ItemYingtaozhi,foodcraft:yingtaozhi,item,8,2.6666666666666665,64,0,none,,ItemYingtaozhi,item/ModItem.java,generated
ItemXiangjiaozhi,foodcraft:xiangjiaozhi,item,8,2.6666666666666665,64,0,none,,ItemXiangjiaozhi,item/ModItem.java,generated
ItemYenai,foodcraft:yenai,item,8,2.6666666666666665,64,0,none,,ItemYenai,item/ModItem.java,generated
ItemQiaokelinaiice,foodcraft:qiaokelinaiice,item,9,3.0,64,0,milk,,ItemQiaokelinaiice,item/ModItem.java,generated
ItemPutaozhiice,foodcraft:putaozhiice,item,9,3.0,64,0,none,,ItemPutaozhiice,item/ModItem.java,generated
ItemPingguozhiice,foodcraft:pingguozhiice,item,9,3.0,64,0,none,,ItemPingguozhiice,item/ModItem.java,generated
ItemJinputaozhiice,foodcraft:jinputaozhiice,item,9,3.0,64,0,gold_grape,,ItemJinputaozhiice,item/ModItem.java,generated
ItemXiguazhiice,foodcraft:xiguazhiice,item,9,3.0,64,0,none,,ItemXiguazhiice,item/ModItem.java,generated
ItemJinpingguozhiice,foodcraft:jinpingguozhiice,item,9,3.0,64,0,gold_apple,,ItemJinpingguozhiice,item/ModItem.java,generated
ItemLizhizhiice,foodcraft:lizhizhiice,item,9,3.0,64,0,none,,ItemLizhizhiice,item/ModItem.java,generated
ItemTaozizhiice,foodcraft:taozizhiice,item,9,3.0,64,0,none,,ItemTaozizhiice,item/ModItem.java,generated
ItemJuzizhiice,foodcraft:juzizhiice,item,9,3.0,64,0,none,,ItemJuzizhiice,item/ModItem.java,generated
ItemMangguozhiice,foodcraft:mangguozhiice,item,9,3.0,64,0,none,,ItemMangguozhiice,item/ModItem.java,generated
ItemNingmengzhiice,foodcraft:ningmengzhiice,item,9,3.0,64,0,none,,ItemNingmengzhiice,item/ModItem.java,generated
ItemMuguazhiice,foodcraft:muguazhiice,item,9,3.0,64,0,none,,ItemMuguazhiice,item/ModItem.java,generated
ItemCaomeizhiice,foodcraft:caomeizhiice,item,9,3.0,64,0,none,,ItemCaomeizhiice,item/ModItem.java,generated
ItemYezizhiice,foodcraft:yezizhiice,item,9,3.0,64,0,none,,ItemYezizhiice,item/ModItem.java,generated
ItemXiangjiaozhiice,foodcraft:xiangjiaozhiice,item,9,3.0,64,0,none,,ItemXiangjiaozhiice,item/ModItem.java,generated
ItemMogudunjitang,foodcraft:mogudunjitang,item,8,2.6666666666666665,64,0,none,,ItemMgdjt,item/ModItem.java,generated
ItemDangeng,foodcraft:dangeng,item,8,2.6666666666666665,64,0,none,,ItemDangeng,item/ModItem.java,generated
ItemMian,foodcraft:mian,item,7,2.3333333333333335,64,0,none,,ItemMian,item/ModItem.java,generated
ItemGuoqiaomixian,foodcraft:guoqiaomixian,item,7,2.3333333333333335,64,0,none,,ItemGuoqiaomixian,item/ModItem.java,generated
ItemPidanshourouzhou,foodcraft:pidanshourouzhou,item,7,2.3333333333333335,64,0,none,,ItemPidanshourouzhou,item/ModItem.java,generated
ItemLabazhou,foodcraft:labazhou,item,9,3.0,64,0,none,,ItemLabazhou,item/ModItem.java,generated
ItemFanqiechaojidanfan,foodcraft:fanqiechaojidanfan,item,18,6.0,64,0,staple,,ItemFanqiechaojidanfan,item/ModItem.java,generated
ItemDisanxian,foodcraft:disanxian,item,18,6.0,64,0,staple,,ItemDisanxian,item/ModItem.java,generated
ItemYuxiangrousi,foodcraft:yuxiangrousi,item,18,6.0,64,0,staple,,ItemYuxiangrousi,item/ModItem.java,generated
ItemGongbaojiding,foodcraft:gongbaojiding,item,18,6.0,64,0,staple,,ItemGongbaojiding,item/ModItem.java,generated
ItemChaotudousifan,foodcraft:chaotudousifan,item,18,6.0,64,0,staple,,ItemChaotudousifan,item/ModItem.java,generated
ItemDuojiaoyutou,foodcraft:duojiaoyutou,item,18,6.0,64,0,staple,,ItemDuojiaoyutou,item/ModItem.java,generated
ItemMapodoufufan,foodcraft:mapodoufufan,item,18,6.0,64,0,staple,,ItemMapodoufufan,item/ModItem.java,generated
ItemHongshaoroufan,foodcraft:hongshaoroufan,item,18,6.0,64,0,staple,,ItemHongshaoroufan,item/ModItem.java,generated
ItemHuiguoroufan,foodcraft:huiguoroufan,item,18,6.0,64,0,staple,,ItemHuiguoroufan,item/ModItem.java,generated
ItemAeljichifan,foodcraft:aeljichifan,item,20,6.666666666666667,64,0,staple,,ItemAeljichifan,item/ModItem.java,generated
ItemLaziji,foodcraft:laziji,item,18,6.0,64,0,staple,,ItemLaziji,item/ModItem.java,generated
ItemKoushuiji,foodcraft:koushuiji,item,18,6.0,64,0,staple,,ItemKoushuiji,item/ModItem.java,generated
ItemBaiqiuji,foodcraft:baiqiuji,item,18,6.0,64,0,staple,,ItemBaiqiuji,item/ModItem.java,generated
ItemCongyouji,foodcraft:congyouji,item,18,6.0,64,0,staple,,ItemCongyouji,item/ModItem.java,generated
ItemSuancaiyu,foodcraft:suancaiyu,item,18,6.0,64,0,staple,,ItemSuancaiyu,item/ModItem.java,generated
ItemMalayu,foodcraft:malayu,item,18,6.0,64,0,staple,,ItemMalayu,item/ModItem.java,generated
ItemQingzhenyu,foodcraft:qingzhenyu,item,18,6.0,64,0,staple,,ItemQingzhenyu,item/ModItem.java,generated
ItemKelejichifan,foodcraft:kelejichifan,item,20,6.666666666666667,64,0,staple,,ItemKelejichifan,item/ModItem.java,generated
ItemGalijiroufan,foodcraft:galijiroufan,item,18,6.0,64,0,staple,,ItemGalijiroufan,item/ModItem.java,generated
ItemShuizhuniurou,foodcraft:shuizhuniurou,item,18,6.0,64,0,staple,,ItemShuizhuniurou,item/ModItem.java,generated
ItemYifen,foodcraft:yifen,item,7,2.3333333333333335,64,0,none,,ItemYifen,item/ModItem.java,generated
ItemYifenpork,foodcraft:yifenpork,item,18,6.0,64,0,staple,,ItemYifenpork,item/ModItem.java,generated
ItemYifenbeef,foodcraft:yifenbeef,item,18,6.0,64,0,staple,,ItemYifenbeef,item/ModItem.java,generated
ItemYifenchicken,foodcraft:yifenchicken,item,18,6.0,64,0,staple,,ItemYifenchicken,item/ModItem.java,generated
ItemRibendoufu,foodcraft:ribendoufu,item,18,6.0,64,0,staple,,ItemRibendoufu,item/ModItem.java,generated
ItemChangfen,foodcraft:changfen,item,7,2.3333333333333335,64,0,none,,ItemChangfen,item/ModItem.java,generated
Itemwater,foodcraft:water,item,0,0.0,64,0,none,,Itemwater,item/ModItem.java,generated
Itemfan,foodcraft:fan,item,0,0.0,64,0,none,,Itemfan,item/ModItem.java,generated
ItemMianfen,foodcraft:mianfen,item,0,0.0,64,0,none,,ItemMianfen,item/ModItem.java,generated
ItemYan,foodcraft:yan,item,0,0.0,64,0,none,,ItemYan,item/ModItem.java,generated
ItemMianpi,foodcraft:mianpi,item,0,0.0,64,0,none,,ItemMianpi,item/ModItem.java,generated
ItemDouban,foodcraft:douban,item,0,0.0,64,0,none,,ItemDouban,item/ModItem.java,generated
ItemQiaokelifen,foodcraft:qiaokelifen,item,0,0.0,64,0,none,,ItemQiaokelifen,item/ModItem.java,generated
ItemJiaozixian,foodcraft:jiaozixian,item,0,0.0,64,0,none,,ItemJiaozixian,item/ModItem.java,generated
ItemHuashenyou,foodcraft:huashenyou,item,0,0.0,64,0,none,,ItemHuashenyou,item/ModItem.java,generated
ItemBaifan,foodcraft:baifan,item,3,1.0,64,0,none,,ItemBaifan,item/ModItem.java,generated
ItemJitui,foodcraft:jitui,item,3,1.0,64,0,none,,ItemJitui,item/ModItem.java,generated
ItemJichi,foodcraft:jichi,item,4,1.3333333333333333,64,0,none,,ItemJichi,item/ModItem.java,generated
ItemDajirou,foodcraft:dajirou,item,0,0.0,64,0,none,,ItemDajirou,item/ModItem.java,generated
ItemZhongjirou,foodcraft:zhongjirou,item,0,0.0,64,0,none,,ItemZhongjirou,item/ModItem.java,generated
ItemXiaojirou,foodcraft:xiaojirou,item,0,0.0,64,0,none,,ItemXiaojirou,item/ModItem.java,generated
ItemTudoupian,foodcraft:tudoupian,item,0,0.0,64,0,none,,ItemTudoupian,item/ModItem.java,generated
ItemTudousi,foodcraft:tudousi,item,0,0.0,64,0,none,,ItemTudousi,item/ModItem.java,generated
ItemJiangyou,foodcraft:jiangyou,item,0,0.0,64,0,none,,ItemJiangyou,item/ModItem.java,generated
ItemCu,foodcraft:cu,item,0,0.0,64,0,none,,ItemCu,item/ModItem.java,generated
ItemDousha,foodcraft:dousha,item,0,0.0,64,0,none,,ItemDousha,item/ModItem.java,generated
ItemDianfen,foodcraft:dianfen,item,0,0.0,64,0,none,,ItemDianfen,item/ModItem.java,generated
ItemNuomifen,foodcraft:nuomifen,item,0,0.0,64,0,none,,ItemNuomifen,item/ModItem.java,generated
ItemNuomituan,foodcraft:nuomituan,item,0,0.0,64,0,none,,ItemNuomituan,item/ModItem.java,generated
ItemHuashentangyuanxian,foodcraft:huashentangyuanxian,item,0,0.0,64,0,none,,ItemHuashentangyuanxian,item/ModItem.java,generated
ItemDoufusi,foodcraft:doufusi,item,0,0.0,64,0,none,,ItemDoufusi,item/ModItem.java,generated
ItemLuobosi,foodcraft:luobosi,item,0,0.0,64,0,none,,ItemLuobosi,item/ModItem.java,generated
ItemBailuobosi,foodcraft:bailuobosi,item,0,0.0,64,0,none,,ItemBailuobosi,item/ModItem.java,generated
ItemMianfensi,foodcraft:mianfensi,item,0,0.0,64,0,none,,ItemMianfensi,item/ModItem.java,generated
ItemGalikuai,foodcraft:galikuai,item,3,1.0,64,0,none,,ItemGalikuai,item/ModItem.java,generated
ItemLaweixunliao,foodcraft:laweixunliao,item,0,0.0,64,0,none,,ItemLaweixunliao,item/ModItem.java,generated
ItemYangrou,minecraft:mutton,item,8,2.6666666666666665,64,0,none,,ItemYangrou,item/ModItem.java,merged_vanilla
ItemShuyangrou,minecraft:cooked_mutton,item,10,3.3333333333333335,64,0,none,,ItemShuyangrou,item/ModItem.java,merged_vanilla
ItemGuojiang:0,foodcraft:putao_gj,jam,0,0.0,64,0,none,,ItemPutaoGJ,item/ModItem.java,generated
ItemGuojiang:1,foodcraft:jinputao_gj,jam,0,0.0,64,0,none,,ItemJinputaoGJ,item/ModItem.java,generated
ItemGuojiang:2,foodcraft:li_gj,jam,0,0.0,64,0,none,,ItemLiGJ,item/ModItem.java,generated
ItemGuojiang:3,foodcraft:taozi_gj,jam,0,0.0,64,0,none,,ItemTaoziGJ,item/ModItem.java,generated
ItemGuojiang:4,foodcraft:juzi_gj,jam,0,0.0,64,0,none,,ItemJuziGJ,item/ModItem.java,generated
ItemGuojiang:5,foodcraft:ningmeng_gj,jam,0,0.0,64,0,none,,ItemNingmengGJ,item/ModItem.java,generated
ItemGuojiang:6,foodcraft:caomei_gj,jam,0,0.0,64,0,none,,ItemCaomeiGJ,item/ModItem.java,generated
ItemGuojiang:7,foodcraft:yezi_gj,jam,0,0.0,64,0,none,,ItemYeziGJ,item/ModItem.java,generated
ItemYouyurou,foodcraft:youyurou,item,8,2.6666666666666665,64,0,none,,ItemYouyurou,item/ModItem.java,generated
ItemShuyouyurou,foodcraft:shuyouyurou,item,10,3.3333333333333335,64,0,none,,ItemShuyouyurou,item/ModItem.java,generated
ItemYouyusi,foodcraft:youyusi,item,3,1.0,64,0,none,,ItemYouyusi,item/ModItem.java,generated
ItemJianjidan,foodcraft:jianjidan,item,5,1.6666666666666667,64,0,none,,ItemJianjidan,item/ModItem.java,generated
ItemLaobing,foodcraft:laobing,item,5,1.6666666666666667,64,0,none,,Itembing,item/ModItem.java,generated
ItemJiaozi,foodcraft:jiaozi,item,8,2.6666666666666665,64,0,none,,ItemJiaozi,item/ModItem.java,generated
ItemJianjiao,foodcraft:jianjiao,item,10,3.3333333333333335,64,0,none,,ItemJianJiao0,item/ModItem.java,generated
ItemDoufu,foodcraft:doufu,item,4,1.3333333333333333,64,0,none,,ItemDoufu,item/ModItem.java,generated
ItemDoufugan,foodcraft:doufugan,item,6,2.0,64,0,none,,ItemDoufugan,item/ModItem.java,generated
ItemChaotudoupian,foodcraft:chaotudoupian,item,7,2.3333333333333335,64,0,none,,ItemChaotudoupian,item/ModItem.java,generated
ItemXifan,foodcraft:xifan,item,7,2.3333333333333335,64,0,none,,ItemXifan,item/ModItem.java,generated
ItemZongzi,foodcraft:zongzi,item,8,2.6666666666666665,64,0,staple,,ItemZongzi,item/ModItem.java,generated
ItemYuebing,foodcraft:yuebing,item,8,2.6666666666666665,64,0,staple,,ItemYuebing,item/ModItem.java,generated
ItemTangyuan,foodcraft:tangyuan,item,8,2.6666666666666665,64,0,staple,,ItemTangyuan,item/ModItem.java,generated
ItemMahua,foodcraft:mahua,item,7,2.3333333333333335,64,0,none,,ItemMahua,item/ModItem.java,generated
ItemChunjuan,foodcraft:chunjuan,item,8,2.6666666666666665,64,0,none,,ItemChunjuan,item/ModItem.java,generated
ItemShupian,foodcraft:shupian,item,7,2.3333333333333335,64,0,none,,ItemShupian,item/ModItem.java,generated
ItemXiangchang,foodcraft:xiangchang,item,6,2.0,64,0,none,,ItemXiangchang,item/ModItem.java,generated
ItemLachang,foodcraft:lachang,item,8,2.6666666666666665,64,0,none,,ItemLachang,item/ModItem.java,generated
ItemLarou,foodcraft:larou,item,9,3.0,64,0,none,,ItemLarou,item/ModItem.java,generated
ItemZhaxiangchang,foodcraft:zhaxiangchang,item,8,2.6666666666666665,64,0,none,,ItemZhaxiangchang,item/ModItem.java,generated
ItemPisa,foodcraft:pisa,item,12,4.0,64,0,none,,ItemPisa,item/ModItem.java,generated
ItemHanbaobao,foodcraft:hanbaobao,item,12,4.0,64,0,none,,ItemHanbaobao,item/ModItem.java,generated
ItemYoutiao,foodcraft:youtiao,item,8,2.6666666666666665,64,0,none,,ItemYoutiao,item/ModItem.java,generated
ItemLatiao,foodcraft:latiao,item,4,1.3333333333333333,64,0,none,,ItemLatiao,item/ModItem.java,generated
ItemJikuai,foodcraft:jikuai,item,6,2.0,64,0,none,,ItemJikuai,item/ModItem.java,generated
ItemYuanweijikuai,foodcraft:yuanweijikuai,item,8,2.6666666666666665,64,0,none,,ItemYuanweijikuai,item/ModItem.java,generated
ItemShutiao,foodcraft:shutiao,item,7,2.3333333333333335,64,0,none,,ItemShutiao,item/ModItem.java,generated
ItemJimihua,foodcraft:jimihua,item,4,1.3333333333333333,64,0,none,,ItemJimihua,item/ModItem.java,generated
ItemAeljichi,foodcraft:aeljichi,item,8,2.6666666666666665,64,0,none,,ItemAeljichi,item/ModItem.java,generated
ItemZhadoufu,foodcraft:zhadoufu,item,6,2.0,64,0,none,,ItemZhadoufu,item/ModItem.java,generated
ItemZhachunjuan,foodcraft:zhachunjuan,item,10,3.3333333333333335,64,0,none,,ItemZhachunjuan,item/ModItem.java,generated
ItemZhamahua,foodcraft:zhamahua,item,10,3.3333333333333335,64,0,none,,ItemZhamahua,item/ModItem.java,generated
ItemZhajitui,foodcraft:zhajitui,item,5,1.6666666666666667,64,0,none,,ItemZhajitui,item/ModItem.java,generated
ItemKaohongshu,foodcraft:kaohongshu,item,8,2.6666666666666665,64,0,none,,ItemKaohongshu,item/ModItem.java,generated
ItemKaoyumi,foodcraft:kaoyumi,item,6,2.0,64,0,none,,ItemKaoyumi,item/ModItem.java,generated
ItemBaoyumihua,foodcraft:baoyumihua,item,6,2.0,64,0,none,,ItemBaoyumihua,item/ModItem.java,generated
ItemQiaokeli,foodcraft:qiaokeli,item,4,1.3333333333333333,64,0,none,,ItemQiaokeli,item/ModItem.java,generated
ItemNiangao,foodcraft:niangao,item,8,2.6666666666666665,64,0,none,,ItemNiangao,item/ModItem.java,generated
ItemHetaosu,foodcraft:hetaosu,item,8,2.6666666666666665,64,0,none,,ItemHetaosu,item/ModItem.java,generated
ItemAici,foodcraft:aici,item,8,2.6666666666666665,64,0,none,,ItemAici,item/ModItem.java,generated
ItemCiba,foodcraft:ciba,item,7,2.3333333333333335,64,0,none,,ItemCiba,item/ModItem.java,generated
ItemNainao,foodcraft:nainao,item,5,1.6666666666666667,64,0,none,,ItemNainao,item/ModItem.java,generated
ItemMantou,foodcraft:mantou,item,4,1.3333333333333333,64,0,none,,ItemMantou,item/ModItem.java,generated
ItemSuancaibing,foodcraft:suancaibing,item,7,2.3333333333333335,64,0,none,,ItemSuancaibing,item/ModItem.java,generated
ItemZhaniangao,foodcraft:zhaniangao,item,10,3.3333333333333335,64,0,none,,ItemZhaniangao,item/ModItem.java,generated
ItemZhamianbao,foodcraft:zhamianbao,item,7,2.3333333333333335,64,0,none,,ItemZhamianbao,item/ModItem.java,generated
ItemRegou,foodcraft:regou,item,8,2.6666666666666665,64,0,none,,ItemRegou,item/ModItem.java,generated
ItemBingganXN,foodcraft:binggan_xn,item,7,2.3333333333333335,64,0,none,,ItemBingganXN,item/ModItem.java,generated
ItemBingganF,foodcraft:binggan_f,item,6,2.0,64,0,none,,ItemBinggan,item/ModItem.java,generated
ItemBinggan:0,foodcraft:putao_bg,cookie,10,3.3333333333333335,64,0,none,,ItemPutaoBG,item/ModItem.java,generated
ItemBinggan:1,foodcraft:jinputao_bg,cookie,10,3.3333333333333335,64,0,gold_cookie,,ItemJinputaoBG,item/ModItem.java,generated
ItemBinggan:2,foodcraft:li_bg,cookie,10,3.3333333333333335,64,0,none,,ItemLiBG,item/ModItem.java,generated
ItemBinggan:3,foodcraft:taozi_bg,cookie,10,3.3333333333333335,64,0,none,,ItemTaoziBG,item/ModItem.java,generated
ItemBinggan:4,foodcraft:juzi_bg,cookie,10,3.3333333333333335,64,0,none,,ItemJuziBG,item/ModItem.java,generated
ItemBinggan:5,foodcraft:ningmeng_bg,cookie,10,3.3333333333333335,64,0,none,,ItemNingmengBG,item/ModItem.java,generated
ItemBinggan:6,foodcraft:caomei_bg,cookie,10,3.3333333333333335,64,0,none,,ItemCaomeiBG,item/ModItem.java,generated
ItemBinggan:7,foodcraft:yezi_bg,cookie,10,3.3333333333333335,64,0,none,,ItemYeziBG,item/ModItem.java,generated
ItemDangao:0,foodcraft:putao_dg,cake_item,0,0.0,64,0,none,foodcraft:putao_dg_block,ItemPutaoDG,item/ModItem.java,generated
ItemDangao:1,foodcraft:jinputao_dg,cake_item,0,0.0,64,0,none,foodcraft:jinputao_dg_block,ItemJinputaoDG,item/ModItem.java,generated
ItemDangao:2,foodcraft:li_dg,cake_item,0,0.0,64,0,none,foodcraft:li_dg_block,ItemLiDG,item/ModItem.java,generated
ItemDangao:3,foodcraft:taozi_dg,cake_item,0,0.0,64,0,none,foodcraft:taozi_dg_block,ItemTaoziDG,item/ModItem.java,generated
ItemDangao:4,foodcraft:juzi_dg,cake_item,0,0.0,64,0,none,foodcraft:juzi_dg_block,ItemJuziDG,item/ModItem.java,generated
ItemDangao:5,foodcraft:ningmeng_dg,cake_item,0,0.0,64,0,none,foodcraft:ningmeng_dg_block,ItemNingmengDG,item/ModItem.java,generated
ItemDangao:6,foodcraft:caomei_dg,cake_item,0,0.0,64,0,none,foodcraft:caomei_dg_block,ItemCaomeiDG,item/ModItem.java,generated
ItemDangao:7,foodcraft:yezi_dg,cake_item,0,0.0,64,0,none,foodcraft:yezi_dg_block,ItemYeziDG,item/ModItem.java,generated
ItemAnlanzhishi,foodcraft:anlanzhishi,item,0,0.0,64,0,none,,ItemAnlanzhishi,item/ModItem.java,generated
ItemAnbizhishi,foodcraft:anbizhishi,item,0,0.0,64,0,none,,ItemAnbizhishi,item/ModItem.java,generated
ItemZongjiqianguzhishi,foodcraft:zongjiqianguzhishi,item,0,0.0,64,0,none,,ItemZongjiqianguzhishi,item/ModItem.java,generated
ItemSCBlock,foodcraft:scblock,item,0,0.0,64,0,none,,ItemBook,item/ModItem.java,generated
ItemSCPlant,foodcraft:scplant,item,0,0.0,64,0,none,,ItemBook,item/ModItem.java,generated
ItemSCMW1,foodcraft:scmw1,item,0,0.0,64,0,none,,ItemBook,item/ModItem.java,generated
ItemSCMW2,foodcraft:scmw2,item,0,0.0,64,0,none,,ItemBook,item/ModItem.java,generated
ItemSCKFC,foodcraft:sckfc,item,0,0.0,64,0,none,,ItemBook,item/ModItem.java,generated
ItemSCCn,foodcraft:sccn,item,0,0.0,64,0,none,,ItemBook,item/ModItem.java,generated
ItemSCYz,foodcraft:scyz,item,0,0.0,64,0,none,,ItemBook,item/ModItem.java,generated
ItemSCJ,foodcraft:scj,item,0,0.0,64,0,none,,ItemBook,item/ModItem.java,generated
ItemSCShui1,foodcraft:scshui1,item,0,0.0,64,0,none,,ItemBook,item/ModItem.java,generated
ItemSCShui2,foodcraft:scshui2,item,0,0.0,64,0,none,,ItemBook,item/ModItem.java,generated
ItemSCFan1,foodcraft:scfan1,item,0,0.0,64,0,none,,ItemBook,item/ModItem.java,generated
ItemSCFan2,foodcraft:scfan2,item,0,0.0,64,0,none,,ItemBook,item/ModItem.java,generated
ItemSCFan3,foodcraft:scfan3,item,0,0.0,64,0,none,,ItemBook,item/ModItem.java,generated
ItemSCTh,foodcraft:scth,item,0,0.0,64,0,none,,ItemBook,item/ModItem.java,generated
ItemAnlanTools,foodcraft:anlan_tools,multitool,0,0.0,1,5000,none,,ItemAnlanTools,item/ModItem.java,generated
ItemAnbiTools,foodcraft:anbi_tools,multitool,0,0.0,1,5000,none,,ItemAnbiTools,item/ModItem.java,generated
BlockBailuobo,foodcraft:bailuobo_block,crop,,,64,,,,foodcraft:block/bailuobo_4,block/ModBlocks.java,generated
BlockQingjiao,foodcraft:qingjiao_block,crop,,,64,,,,foodcraft:block/qingjiao_4,block/ModBlocks.java,generated
BlockHongdou,foodcraft:hongdou_block,crop,,,64,,,,foodcraft:block/hongdou_4,block/ModBlocks.java,generated
BlockLvdou,foodcraft:lvdou_block,crop,,,64,,,,foodcraft:block/lvdou_4,block/ModBlocks.java,generated
BlockHongshu,foodcraft:hongshu_block,crop,,,64,,,,foodcraft:block/hongshu_4,block/ModBlocks.java,generated
BlockDouzi,foodcraft:douzi_block,crop,,,64,,,,foodcraft:block/douzi_4,block/ModBlocks.java,generated
BlockShuidao,foodcraft:shuidao,crop,,,64,,,,foodcraft:block/shuidao_4,block/ModBlocks.java,generated
BlockHuashen,foodcraft:huashen_block,crop,,,64,,,,foodcraft:block/huashen_4,block/ModBlocks.java,generated
BlockFanqie,foodcraft:fanqie_block,crop,,,64,,,,foodcraft:block/fanqie_4,block/ModBlocks.java,generated
BlockLajiao,foodcraft:lajiao_block,crop,,,64,,,,foodcraft:block/lajiao_4,block/ModBlocks.java,generated
BlockShucai,foodcraft:shucai_block,crop,,,64,,,,foodcraft:block/shucai_4,block/ModBlocks.java,generated
BlockPutao,foodcraft:putao_block,crop,,,64,,,,foodcraft:block/putao_4,block/ModBlocks.java,generated
BlockQiezi,foodcraft:qiezi_block,crop,,,64,,,,foodcraft:block/qiezi_4,block/ModBlocks.java,generated
Blocksugar,foodcraft:sugar,block,,,64,,,,foodcraft:block/blocksugar,block/ModBlocks.java,generated
BlockDami,foodcraft:dami_block,block,,,64,,,,foodcraft:block/blockdami,block/ModBlocks.java,generated
BlockHuashenk,foodcraft:huashenk,block,,,64,,,,foodcraft:block/blockhuashenk,block/ModBlocks.java,generated
BlockLuobo,foodcraft:luobo,block,,,64,,,,foodcraft:block/blockluobo,block/ModBlocks.java,generated
BlockTudou,foodcraft:tudou,block,,,64,,,,foodcraft:block/blocktudou,block/ModBlocks.java,generated
BlockYan,foodcraft:yan_block,block,,,64,,,,foodcraft:block/blockyan,block/ModBlocks.java,generated
BlockDouzik,foodcraft:douzik,block,,,64,,,,foodcraft:block/blockdouzik,block/ModBlocks.java,generated
BlockRuomi,foodcraft:ruomi,block,,,64,,,,foodcraft:block/blockruomi,block/ModBlocks.java,generated
BlockDouban,foodcraft:douban_block,block,,,64,,,,foodcraft:block/blockdouban,block/ModBlocks.java,generated
BlockQiaokeli,foodcraft:qiaokeli_block,block,,,64,,,,foodcraft:block/blockqiaokeli,block/ModBlocks.java,generated
BlockWaike,foodcraft:waike,block,,,64,,,,foodcraft:block/nmj_side,block/ModBlocks.java,generated
BlockCong,foodcraft:cong_block,onion,,,64,,,,foodcraft:block/blockcong,block/ModBlocks.java,generated
BlockNuodao,foodcraft:nuodao,crop,,,64,,,,foodcraft:block/nuodao_4,block/ModBlocks.java,generated
BlockHuanggua,foodcraft:huanggua_block,crop,,,64,,,,foodcraft:block/huanggua_4,block/ModBlocks.java,generated
BlockYumi,foodcraft:yumi_block,crop,,,64,,,,foodcraft:block/yumi_4,block/ModBlocks.java,generated
BlockCaomei,foodcraft:caomei_block,crop,,,64,,,,foodcraft:block/caomei_4,block/ModBlocks.java,generated
BlockPutaoDG,foodcraft:putao_dg_block,cake,,,64,,,,foodcraft:block/blockputaodg_top,block/ModBlocks.java,generated
BlockJinputaoDG,foodcraft:jinputao_dg_block,cake,,,64,,,,foodcraft:block/blockjinputaodg_top,block/ModBlocks.java,generated
BlockLiDG,foodcraft:li_dg_block,cake,,,64,,,,foodcraft:block/blocklidg_top,block/ModBlocks.java,generated
BlockTaoziDG,foodcraft:taozi_dg_block,cake,,,64,,,,foodcraft:block/blocktaozidg_top,block/ModBlocks.java,generated
BlockJuziDG,foodcraft:juzi_dg_block,cake,,,64,,,,foodcraft:block/blockjuzidg_top,block/ModBlocks.java,generated
BlockNingmengDG,foodcraft:ningmeng_dg_block,cake,,,64,,,,foodcraft:block/blockningmengdg_top,block/ModBlocks.java,generated
BlockCaomeiDG,foodcraft:caomei_dg_block,cake,,,64,,,,foodcraft:block/blockcaomeidg_top,block/ModBlocks.java,generated
BlockYeziDG,foodcraft:yezi_dg_block,cake,,,64,,,,foodcraft:block/blockyezidg_top,block/ModBlocks.java,generated
FCleaves,foodcraft:fcleaves,fruit,,,64,,,,foodcraft:block/fcleaves,plant/blocks/Plant.java,generated
BlockLishu,foodcraft:lishu,sapling,,,64,,,,foodcraft:block/blocklishu,plant/blocks/Plant.java,generated
BlockLi,foodcraft:li_block,fruit,,,64,,,,foodcraft:block/blockli,plant/blocks/Plant.java,generated
BlockLizhishu,foodcraft:lizhishu,sapling,,,64,,,,foodcraft:block/blocklizhishu,plant/blocks/Plant.java,generated
BlockLizhi,foodcraft:lizhi_block,fruit,,,64,,,,foodcraft:block/blocklizhi,plant/blocks/Plant.java,generated
BlockTaozishu,foodcraft:taozishu,sapling,,,64,,,,foodcraft:block/blocktaozishu,plant/blocks/Plant.java,generated
BlockTaozi,foodcraft:taozi_block,fruit,,,64,,,,foodcraft:block/blocktaozi,plant/blocks/Plant.java,generated
BlockJuzishu,foodcraft:juzishu,sapling,,,64,,,,foodcraft:block/blockjuzishu,plant/blocks/Plant.java,generated
BlockJuzi,foodcraft:juzi_block,fruit,,,64,,,,foodcraft:block/blockjuzi,plant/blocks/Plant.java,generated
BlockPipashu,foodcraft:pipashu,sapling,,,64,,,,foodcraft:block/blockpipashu,plant/blocks/Plant.java,generated
BlockPipa,foodcraft:pipa_block,fruit,,,64,,,,foodcraft:block/blockpipa,plant/blocks/Plant.java,generated
BlockMangguoshu,foodcraft:mangguoshu,sapling,,,64,,,,foodcraft:block/blockmangguoshu,plant/blocks/Plant.java,generated
BlockMangguo,foodcraft:mangguo_block,fruit,,,64,,,,foodcraft:block/blockmangguo,plant/blocks/Plant.java,generated
BlockNingmengshu,foodcraft:ningmengshu,sapling,,,64,,,,foodcraft:block/blockningmengshu,plant/blocks/Plant.java,generated
BlockNingmeng,foodcraft:ningmeng_block,fruit,,,64,,,,foodcraft:block/blockningmeng,plant/blocks/Plant.java,generated
BlockYouzishu,foodcraft:youzishu,sapling,,,64,,,,foodcraft:block/blockyouzishu,plant/blocks/Plant.java,generated
BlockYouzi,foodcraft:youzi_block,fruit,,,64,,,,foodcraft:block/blockyouzi,plant/blocks/Plant.java,generated
BlockShizishu,foodcraft:shizishu,sapling,,,64,,,,foodcraft:block/blockshizishu,plant/blocks/Plant.java,generated
BlockShizi,foodcraft:shizi_block,fruit,,,64,,,,foodcraft:block/blockshizi,plant/blocks/Plant.java,generated
BlockMuguashu,foodcraft:muguashu,sapling,,,64,,,,foodcraft:block/blockmuguashu,plant/blocks/Plant.java,generated
BlockMugua,foodcraft:mugua_block,fruit,,,64,,,,foodcraft:block/blockmugua,plant/blocks/Plant.java,generated
BlockShanzhashu,foodcraft:shanzhashu,sapling,,,64,,,,foodcraft:block/blockshanzhashu,plant/blocks/Plant.java,generated
BlockShanzha,foodcraft:shanzha_block,fruit,,,64,,,,foodcraft:block/blockshanzha,plant/blocks/Plant.java,generated
BlockLongyanshu,foodcraft:longyanshu,sapling,,,64,,,,foodcraft:block/blocklongyanshu,plant/blocks/Plant.java,generated
BlockLongyan,foodcraft:longyan_block,fruit,,,64,,,,foodcraft:block/blocklongyan,plant/blocks/Plant.java,generated
BlockShiliushu,foodcraft:shiliushu,sapling,,,64,,,,foodcraft:block/blockshiliushu,plant/blocks/Plant.java,generated
BlockShiliu,foodcraft:shiliu_block,fruit,,,64,,,,foodcraft:block/blockshiliu,plant/blocks/Plant.java,generated
BlockHongzaoshu,foodcraft:hongzaoshu,sapling,,,64,,,,foodcraft:block/blockhongzaoshu,plant/blocks/Plant.java,generated
BlockHongzao,foodcraft:hongzao_block,fruit,,,64,,,,foodcraft:block/blockhongzao,plant/blocks/Plant.java,generated
BlockYezishu,foodcraft:yezishu,sapling,,,64,,,,foodcraft:block/blockyezishu,plant/blocks/Plant.java,generated
BlockYezi,foodcraft:yezi_block,fruit,,,64,,,,foodcraft:block/blockyezi,plant/blocks/Plant.java,generated
BlockYingtaoshu,foodcraft:yingtaoshu,sapling,,,64,,,,foodcraft:block/blockyingtaoshu,plant/blocks/Plant.java,generated
BlockYingtao,foodcraft:yingtao_block,fruit,,,64,,,,foodcraft:block/blockyingtao,plant/blocks/Plant.java,generated
BlockXiangjiaoshu,foodcraft:xiangjiaoshu,sapling,,,64,,,,foodcraft:block/blockxiangjiaoshu,plant/blocks/Plant.java,generated
BlockXiangjiao,foodcraft:xiangjiao_block,fruit,,,64,,,,foodcraft:block/blockxiangjiao,plant/blocks/Plant.java,generated
Nmj,foodcraft:milling_machine,machine,,,64,,,,foodcraft:block/nmj_side,gui/blocks/ModGui.java,generated
YZJ,foodcraft:deep_fryer,machine,,,64,,,,foodcraft:block/nmj_side,gui/blocks/ModGui.java,generated
Zl,foodcraft:stove,machine,,,64,,,,foodcraft:block/zl_side,gui/blocks/ModGui.java,generated
Tpj,foodcraft:drink_maker,machine,,,64,,,,foodcraft:block/nmj_side,gui/blocks/ModGui.java,generated
Nt,foodcraft:fermenting_barrel,machine,,,64,,,,foodcraft:block/nt_side,gui/blocks/ModGui.java,generated
PDG,foodcraft:frying_pan,machine,,,1,,,,foodcraft:block/pdg_,gui/blocks/ModGui.java,generated
Guo,foodcraft:pot,machine,,,64,,,,foodcraft:block/pdg_,gui/blocks/ModGui.java,generated
Gyg,foodcraft:pressure_cooker,machine,,,64,,,,foodcraft:block/gyg,gui/blocks/ModGui.java,generated
Caiban,foodcraft:cutting_board,machine,,,64,,,,pdg_,gui/blocks/ModGui.java,generated
